score,filename,path
6.793246,P1114990.JPG,D:\漫展\Capture\P1114990.JPG
6.697602,P1114971.JPG,D:\漫展\Capture\P1114971.JPG
6.636892,P1114987.JPG,D:\漫展\Capture\P1114987.JPG
6.635613,P1114989.JPG,D:\漫展\Capture\P1114989.JPG
6.597958,P1115206.JPG,D:\漫展\Capture\P1115206.JPG
6.597709,P1114963.JPG,D:\漫展\Capture\P1114963.JPG
6.506440,P1115108.JPG,D:\漫展\Capture\P1115108.JPG
6.503842,P1114988.JPG,D:\漫展\Capture\P1114988.JPG
6.491166,P1114968.JPG,D:\漫展\Capture\P1114968.JPG
6.480878,P1115107.JPG,D:\漫展\Capture\P1115107.JPG
6.480834,P1115110.JPG,D:\漫展\Capture\P1115110.JPG
6.467058,P1115102.JPG,D:\漫展\Capture\P1115102.JPG
6.418894,P1115111.JPG,D:\漫展\Capture\P1115111.JPG
6.407418,P1115109.JPG,D:\漫展\Capture\P1115109.JPG
6.406129,P1115104.JPG,D:\漫展\Capture\P1115104.JPG
6.398118,P1115235.JPG,D:\漫展\Capture\P1115235.JPG
6.379951,P1114977.JPG,D:\漫展\Capture\P1114977.JPG
6.357938,P1114976.JPG,D:\漫展\Capture\P1114976.JPG
6.348471,P1115205.JPG,D:\漫展\Capture\P1115205.JPG
6.345846,P1114993.JPG,D:\漫展\Capture\P1114993.JPG
6.338757,P1115245.JPG,D:\漫展\Capture\P1115245.JPG
6.336474,P1115115.JPG,D:\漫展\Capture\P1115115.JPG
6.313423,P1115105.JPG,D:\漫展\Capture\P1115105.JPG
6.311330,P1114975.JPG,D:\漫展\Capture\P1114975.JPG
6.310000,P1114980.JPG,D:\漫展\Capture\P1114980.JPG
6.304134,P1114970.JPG,D:\漫展\Capture\P1114970.JPG
6.284719,P1115244.JPG,D:\漫展\Capture\P1115244.JPG
6.281579,P1114718.JPG,D:\漫展\Capture\P1114718.JPG
6.274744,P1114985.JPG,D:\漫展\Capture\P1114985.JPG
6.268248,P1114719.JPG,D:\漫展\Capture\P1114719.JPG
6.265630,P1115386.JPG,D:\漫展\Capture\P1115386.JPG
6.263484,P1114917.JPG,D:\漫展\Capture\P1114917.JPG
6.259411,P1115392.JPG,D:\漫展\Capture\P1115392.JPG
6.255795,P1114723.JPG,D:\漫展\Capture\P1114723.JPG
6.254409,P1114854.JPG,D:\漫展\Capture\P1114854.JPG
6.253402,P1115383.JPG,D:\漫展\Capture\P1115383.JPG
6.249599,P1115241.JPG,D:\漫展\Capture\P1115241.JPG
6.249413,P1114771.JPG,D:\漫展\Capture\P1114771.JPG
6.233743,P1115103.JPG,D:\漫展\Capture\P1115103.JPG
6.233724,P1115242.JPG,D:\漫展\Capture\P1115242.JPG
6.226593,P1114720.JPG,D:\漫展\Capture\P1114720.JPG
6.223052,P1115204.JPG,D:\漫展\Capture\P1115204.JPG
6.214518,P1115246.JPG,D:\漫展\Capture\P1115246.JPG
6.212834,P1115387.JPG,D:\漫展\Capture\P1115387.JPG
6.208587,P1115222.JPG,D:\漫展\Capture\P1115222.JPG
6.204044,P1115385.JPG,D:\漫展\Capture\P1115385.JPG
6.200899,P1115210.JPG,D:\漫展\Capture\P1115210.JPG
6.197245,P1115236.JPG,D:\漫展\Capture\P1115236.JPG
6.196951,P1115221.JPG,D:\漫展\Capture\P1115221.JPG
6.194988,P1114904.JPG,D:\漫展\Capture\P1114904.JPG
6.192370,P1114710.JPG,D:\漫展\Capture\P1114710.JPG
6.192202,P1114717.JPG,D:\漫展\Capture\P1114717.JPG
6.188836,P1114772.JPG,D:\漫展\Capture\P1114772.JPG
6.188790,P1115393.JPG,D:\漫展\Capture\P1115393.JPG
6.186866,P1115106.JPG,D:\漫展\Capture\P1115106.JPG
6.184334,P1114804.JPG,D:\漫展\Capture\P1114804.JPG
6.183784,P1115382.JPG,D:\漫展\Capture\P1115382.JPG
6.183147,P1114721.JPG,D:\漫展\Capture\P1114721.JPG
6.182684,P1114972.JPG,D:\漫展\Capture\P1114972.JPG
6.180886,P1115237.JPG,D:\漫展\Capture\P1115237.JPG
6.179667,P1115209.JPG,D:\漫展\Capture\P1115209.JPG
6.179456,P1114788.JPG,D:\漫展\Capture\P1114788.JPG
6.174635,P1115240.JPG,D:\漫展\Capture\P1115240.JPG
6.173825,P1115391.JPG,D:\漫展\Capture\P1115391.JPG
6.172098,P1115049.JPG,D:\漫展\Capture\P1115049.JPG
6.169332,P1114905.JPG,D:\漫展\Capture\P1114905.JPG
6.163427,P1114709.JPG,D:\漫展\Capture\P1114709.JPG
6.160737,P1114906.JPG,D:\漫展\Capture\P1114906.JPG
6.160298,P1115372.JPG,D:\漫展\Capture\P1115372.JPG
6.157905,P1115376.JPG,D:\漫展\Capture\P1115376.JPG
6.156783,P1115384.JPG,D:\漫展\Capture\P1115384.JPG
6.155696,P1114969.JPG,D:\漫展\Capture\P1114969.JPG
6.152451,P1114982.JPG,D:\漫展\Capture\P1114982.JPG
6.139207,P1114896.JPG,D:\漫展\Capture\P1114896.JPG
6.134480,P1115364.JPG,D:\漫展\Capture\P1115364.JPG
6.134362,P1114796.JPG,D:\漫展\Capture\P1114796.JPG
6.133398,P1114886.JPG,D:\漫展\Capture\P1114886.JPG
6.131259,P1115369.JPG,D:\漫展\Capture\P1115369.JPG
6.130999,P1114986.JPG,D:\漫展\Capture\P1114986.JPG
6.129667,P1115389.JPG,D:\漫展\Capture\P1115389.JPG
6.128104,P1115217.JPG,D:\漫展\Capture\P1115217.JPG
6.126903,P1115112.JPG,D:\漫展\Capture\P1115112.JPG
6.125021,P1114815.JPG,D:\漫展\Capture\P1114815.JPG
6.124473,P1114887.JPG,D:\漫展\Capture\P1114887.JPG
6.124182,P1115373.JPG,D:\漫展\Capture\P1115373.JPG
6.116839,P1115378.JPG,D:\漫展\Capture\P1115378.JPG
6.114335,P1114836.JPG,D:\漫展\Capture\P1114836.JPG
6.112659,P1115366.JPG,D:\漫展\Capture\P1115366.JPG
6.109301,P1114981.JPG,D:\漫展\Capture\P1114981.JPG
6.102216,P1115208.JPG,D:\漫展\Capture\P1115208.JPG
6.101477,P1115358.JPG,D:\漫展\Capture\P1115358.JPG
6.097206,P1114850.JPG,D:\漫展\Capture\P1114850.JPG
6.090707,P1114808.JPG,D:\漫展\Capture\P1114808.JPG
6.090420,P1114967.JPG,D:\漫展\Capture\P1114967.JPG
6.089898,P1115374.JPG,D:\漫展\Capture\P1115374.JPG
6.086990,P1114813.JPG,D:\漫展\Capture\P1114813.JPG
6.086335,P1115224.JPG,D:\漫展\Capture\P1115224.JPG
6.082678,P1115362.JPG,D:\漫展\Capture\P1115362.JPG
6.078965,P1115084.JPG,D:\漫展\Capture\P1115084.JPG
6.078507,P1115186.JPG,D:\漫展\Capture\P1115186.JPG
6.073455,P1115188.JPG,D:\漫展\Capture\P1115188.JPG
6.073253,P1115152.JPG,D:\漫展\Capture\P1115152.JPG
6.069721,P1115390.JPG,D:\漫展\Capture\P1115390.JPG
6.068485,P1115243.JPG,D:\漫展\Capture\P1115243.JPG
6.067758,P1114984.JPG,D:\漫展\Capture\P1114984.JPG
6.065095,P1114910.JPG,D:\漫展\Capture\P1114910.JPG
6.064816,P1114936.JPG,D:\漫展\Capture\P1114936.JPG
6.063641,P1115344.JPG,D:\漫展\Capture\P1115344.JPG
6.063571,P1115361.JPG,D:\漫展\Capture\P1115361.JPG
6.060188,P1115137.JPG,D:\漫展\Capture\P1115137.JPG
6.058565,P1115368.JPG,D:\漫展\Capture\P1115368.JPG
6.057508,P1114831.JPG,D:\漫展\Capture\P1114831.JPG
6.056457,P1114747.JPG,D:\漫展\Capture\P1114747.JPG
6.056296,P1114787.JPG,D:\漫展\Capture\P1114787.JPG
6.052145,P1115371.JPG,D:\漫展\Capture\P1115371.JPG
6.051944,P1115375.JPG,D:\漫展\Capture\P1115375.JPG
6.049883,P1115399.JPG,D:\漫展\Capture\P1115399.JPG
6.049455,P1114818.JPG,D:\漫展\Capture\P1114818.JPG
6.048843,P1114903.JPG,D:\漫展\Capture\P1114903.JPG
6.047534,P1114837.JPG,D:\漫展\Capture\P1114837.JPG
6.046594,P1115273.JPG,D:\漫展\Capture\P1115273.JPG
6.043618,P1114978.JPG,D:\漫展\Capture\P1114978.JPG
6.043374,P1114800.JPG,D:\漫展\Capture\P1114800.JPG
6.034757,P1114907.JPG,D:\漫展\Capture\P1114907.JPG
6.034356,P1115388.JPG,D:\漫展\Capture\P1115388.JPG
6.033305,P1115352.JPG,D:\漫展\Capture\P1115352.JPG
6.032204,P1114722.JPG,D:\漫展\Capture\P1114722.JPG
6.029180,P1114911.JPG,D:\漫展\Capture\P1114911.JPG
6.024764,P1114814.JPG,D:\漫展\Capture\P1114814.JPG
6.023689,P1114821.JPG,D:\漫展\Capture\P1114821.JPG
6.018344,P1115239.JPG,D:\漫展\Capture\P1115239.JPG
6.018110,P1115381.JPG,D:\漫展\Capture\P1115381.JPG
6.016872,P1114770.JPG,D:\漫展\Capture\P1114770.JPG
6.013072,P1114706.JPG,D:\漫展\Capture\P1114706.JPG
6.009332,P1115355.JPG,D:\漫展\Capture\P1115355.JPG
6.009270,P1115367.JPG,D:\漫展\Capture\P1115367.JPG
6.008687,P1115337.JPG,D:\漫展\Capture\P1115337.JPG
6.008358,P1115272.JPG,D:\漫展\Capture\P1115272.JPG
6.007369,P1115207.JPG,D:\漫展\Capture\P1115207.JPG
6.005661,P1115089.JPG,D:\漫展\Capture\P1115089.JPG
6.005067,P1115085.JPG,D:\漫展\Capture\P1115085.JPG
6.004185,P1114832.JPG,D:\漫展\Capture\P1114832.JPG
6.004057,P1114961.JPG,D:\漫展\Capture\P1114961.JPG
6.003598,P1114793.JPG,D:\漫展\Capture\P1114793.JPG
6.003478,P1114979.JPG,D:\漫展\Capture\P1114979.JPG
6.001762,P1115341.JPG,D:\漫展\Capture\P1115341.JPG
5.999074,P1114934.JPG,D:\漫展\Capture\P1114934.JPG
5.998462,P1115377.JPG,D:\漫展\Capture\P1115377.JPG
5.998055,P1115114.JPG,D:\漫展\Capture\P1115114.JPG
5.997507,P1115283.JPG,D:\漫展\Capture\P1115283.JPG
5.995631,P1114799.JPG,D:\漫展\Capture\P1114799.JPG
5.995390,P1115218.JPG,D:\漫展\Capture\P1115218.JPG
5.993365,P1115343.JPG,D:\漫展\Capture\P1115343.JPG
5.989995,P1114707.JPG,D:\漫展\Capture\P1114707.JPG
5.989057,P1114897.JPG,D:\漫展\Capture\P1114897.JPG
5.988629,P1114678.JPG,D:\漫展\Capture\P1114678.JPG
5.987355,P1115276.JPG,D:\漫展\Capture\P1115276.JPG
5.987124,P1115346.JPG,D:\漫展\Capture\P1115346.JPG
5.986990,P1115380.JPG,D:\漫展\Capture\P1115380.JPG
5.986852,P1115138.JPG,D:\漫展\Capture\P1115138.JPG
5.986200,P1115187.JPG,D:\漫展\Capture\P1115187.JPG
5.981407,P1115278.JPG,D:\漫展\Capture\P1115278.JPG
5.980402,P1115282.JPG,D:\漫展\Capture\P1115282.JPG
5.978920,P1115271.JPG,D:\漫展\Capture\P1115271.JPG
5.978844,P1114802.JPG,D:\漫展\Capture\P1114802.JPG
5.978591,P1115357.JPG,D:\漫展\Capture\P1115357.JPG
5.976117,P1115342.JPG,D:\漫展\Capture\P1115342.JPG
5.974978,P1114768.JPG,D:\漫展\Capture\P1114768.JPG
5.974793,P1115370.JPG,D:\漫展\Capture\P1115370.JPG
5.971903,P1115113.JPG,D:\漫展\Capture\P1115113.JPG
5.967457,P1114679.JPG,D:\漫展\Capture\P1114679.JPG
5.960956,P1115279.JPG,D:\漫展\Capture\P1115279.JPG
5.960151,P1114965.JPG,D:\漫展\Capture\P1114965.JPG
5.959763,P1114798.JPG,D:\漫展\Capture\P1114798.JPG
5.954324,P1115365.JPG,D:\漫展\Capture\P1115365.JPG
5.953685,P1115238.JPG,D:\漫展\Capture\P1115238.JPG
5.952846,P1114806.JPG,D:\漫展\Capture\P1114806.JPG
5.950999,P1114777.JPG,D:\漫展\Capture\P1114777.JPG
5.950109,P1114938.JPG,D:\漫展\Capture\P1114938.JPG
5.948399,P1115359.JPG,D:\漫展\Capture\P1115359.JPG
5.948108,P1114803.JPG,D:\漫展\Capture\P1114803.JPG
5.946181,P1114675.JPG,D:\漫展\Capture\P1114675.JPG
5.944632,P1115153.JPG,D:\漫展\Capture\P1115153.JPG
5.940647,P1115226.JPG,D:\漫展\Capture\P1115226.JPG
5.940634,P1114817.JPG,D:\漫展\Capture\P1114817.JPG
5.938396,P1114780.JPG,D:\漫展\Capture\P1114780.JPG
5.936337,P1114805.JPG,D:\漫展\Capture\P1114805.JPG
5.935656,P1115348.JPG,D:\漫展\Capture\P1115348.JPG
5.933825,P1114674.JPG,D:\漫展\Capture\P1114674.JPG
5.933190,P1115223.JPG,D:\漫展\Capture\P1115223.JPG
5.930531,P1115345.JPG,D:\漫展\Capture\P1115345.JPG
5.930301,P1115379.JPG,D:\漫展\Capture\P1115379.JPG
5.928318,P1115330.JPG,D:\漫展\Capture\P1115330.JPG
5.928159,P1114791.JPG,D:\漫展\Capture\P1114791.JPG
5.923156,P1115338.JPG,D:\漫展\Capture\P1115338.JPG
5.921882,P1115277.JPG,D:\漫展\Capture\P1115277.JPG
5.919168,P1115360.JPG,D:\漫展\Capture\P1115360.JPG
5.918022,P1115274.JPG,D:\漫展\Capture\P1115274.JPG
5.917981,P1114774.JPG,D:\漫展\Capture\P1114774.JPG
5.916964,P1115356.JPG,D:\漫展\Capture\P1115356.JPG
5.916351,P1114773.JPG,D:\漫展\Capture\P1114773.JPG
5.914147,P1114789.JPG,D:\漫展\Capture\P1114789.JPG
5.912827,P1114809.JPG,D:\漫展\Capture\P1114809.JPG
5.910676,P1114714.JPG,D:\漫展\Capture\P1114714.JPG
5.910175,P1115178.JPG,D:\漫展\Capture\P1115178.JPG
5.908421,P1114935.JPG,D:\漫展\Capture\P1114935.JPG
5.907330,P1115347.JPG,D:\漫展\Capture\P1115347.JPG
5.906996,P1115185.JPG,D:\漫展\Capture\P1115185.JPG
5.904247,P1115394.JPG,D:\漫展\Capture\P1115394.JPG
5.901557,P1114983.JPG,D:\漫展\Capture\P1114983.JPG
5.901491,P1115181.JPG,D:\漫展\Capture\P1115181.JPG
5.900387,P1115155.JPG,D:\漫展\Capture\P1115155.JPG
5.899725,P1115340.JPG,D:\漫展\Capture\P1115340.JPG
5.899230,P1114779.JPG,D:\漫展\Capture\P1114779.JPG
5.897866,P1114715.JPG,D:\漫展\Capture\P1114715.JPG
5.897844,P1114833.JPG,D:\漫展\Capture\P1114833.JPG
5.896705,P1115363.JPG,D:\漫展\Capture\P1115363.JPG
5.895784,P1115336.JPG,D:\漫展\Capture\P1115336.JPG
5.893595,P1115118.JPG,D:\漫展\Capture\P1115118.JPG
5.892358,P1115219.JPG,D:\漫展\Capture\P1115219.JPG
5.890287,P1115180.JPG,D:\漫展\Capture\P1115180.JPG
5.889506,P1115354.JPG,D:\漫展\Capture\P1115354.JPG
5.886724,P1115353.JPG,D:\漫展\Capture\P1115353.JPG
5.886254,P1115294.JPG,D:\漫展\Capture\P1115294.JPG
5.885831,P1115228.JPG,D:\漫展\Capture\P1115228.JPG
5.883620,P1115050.JPG,D:\漫展\Capture\P1115050.JPG
5.882785,P1114775.JPG,D:\漫展\Capture\P1114775.JPG
5.882463,P1115051.JPG,D:\漫展\Capture\P1115051.JPG
5.880779,P1115088.JPG,D:\漫展\Capture\P1115088.JPG
5.879461,P1114964.JPG,D:\漫展\Capture\P1114964.JPG
5.879285,P1114778.JPG,D:\漫展\Capture\P1114778.JPG
5.867867,P1115225.JPG,D:\漫展\Capture\P1115225.JPG
5.867216,P1115190.JPG,D:\漫展\Capture\P1115190.JPG
5.866516,P1114786.JPG,D:\漫展\Capture\P1114786.JPG
5.863712,P1114705.JPG,D:\漫展\Capture\P1114705.JPG
5.862681,P1114930.JPG,D:\漫展\Capture\P1114930.JPG
5.862504,P1115119.JPG,D:\漫展\Capture\P1115119.JPG
5.859334,P1114909.JPG,D:\漫展\Capture\P1114909.JPG
5.856725,P1114699.JPG,D:\漫展\Capture\P1114699.JPG
5.856458,P1114695.JPG,D:\漫展\Capture\P1114695.JPG
5.851670,P1115287.JPG,D:\漫展\Capture\P1115287.JPG
5.850826,P1114913.JPG,D:\漫展\Capture\P1114913.JPG
5.848656,P1114801.JPG,D:\漫展\Capture\P1114801.JPG
5.848032,P1114807.JPG,D:\漫展\Capture\P1114807.JPG
5.846549,P1114974.JPG,D:\漫展\Capture\P1114974.JPG
5.846512,P1115349.JPG,D:\漫展\Capture\P1115349.JPG
5.843240,P1115157.JPG,D:\漫展\Capture\P1115157.JPG
5.839694,P1115398.JPG,D:\漫展\Capture\P1115398.JPG
5.839308,P1114794.JPG,D:\漫展\Capture\P1114794.JPG
5.837761,P1114866.JPG,D:\漫展\Capture\P1114866.JPG
5.837550,P1115339.JPG,D:\漫展\Capture\P1115339.JPG
5.836347,P1114767.JPG,D:\漫展\Capture\P1114767.JPG
5.835769,P1114843.JPG,D:\漫展\Capture\P1114843.JPG
5.832187,P1115189.JPG,D:\漫展\Capture\P1115189.JPG
5.829835,P1115281.JPG,D:\漫展\Capture\P1115281.JPG
5.827801,P1115280.JPG,D:\漫展\Capture\P1115280.JPG
5.826970,P1114716.JPG,D:\漫展\Capture\P1114716.JPG
5.826273,P1114908.JPG,D:\漫展\Capture\P1114908.JPG
5.825864,P1114845.JPG,D:\漫展\Capture\P1114845.JPG
5.825251,P1114835.JPG,D:\漫展\Capture\P1114835.JPG
5.824678,P1114790.JPG,D:\漫展\Capture\P1114790.JPG
5.824647,P1115216.JPG,D:\漫展\Capture\P1115216.JPG
5.824248,P1114962.JPG,D:\漫展\Capture\P1114962.JPG
5.823864,P1114795.JPG,D:\漫展\Capture\P1114795.JPG
5.817068,P1114834.JPG,D:\漫展\Capture\P1114834.JPG
5.813682,P1115395.JPG,D:\漫展\Capture\P1115395.JPG
5.810809,P1114769.JPG,D:\漫展\Capture\P1114769.JPG
5.809079,P1114941.JPG,D:\漫展\Capture\P1114941.JPG
5.799010,P1114849.JPG,D:\漫展\Capture\P1114849.JPG
5.796409,P1115047.JPG,D:\漫展\Capture\P1115047.JPG
5.795284,P1115182.JPG,D:\漫展\Capture\P1115182.JPG
5.793069,P1115183.JPG,D:\漫展\Capture\P1115183.JPG
5.790842,P1115212.JPG,D:\漫展\Capture\P1115212.JPG
5.790574,P1115035.JPG,D:\漫展\Capture\P1115035.JPG
5.788851,P1114973.JPG,D:\漫展\Capture\P1114973.JPG
5.785468,P1115154.JPG,D:\漫展\Capture\P1115154.JPG
5.784410,P1115052.JPG,D:\漫展\Capture\P1115052.JPG
5.780460,P1115198.JPG,D:\漫展\Capture\P1115198.JPG
5.769342,P1115184.JPG,D:\漫展\Capture\P1115184.JPG
5.762816,P1114797.JPG,D:\漫展\Capture\P1114797.JPG
5.761670,P1115275.JPG,D:\漫展\Capture\P1115275.JPG
5.756768,P1115176.JPG,D:\漫展\Capture\P1115176.JPG
5.755979,P1114700.JPG,D:\漫展\Capture\P1114700.JPG
5.755425,P1115081.JPG,D:\漫展\Capture\P1115081.JPG
5.753667,P1115397.JPG,D:\漫展\Capture\P1115397.JPG
5.750751,P1115318.JPG,D:\漫展\Capture\P1115318.JPG
5.749862,P1114692.JPG,D:\漫展\Capture\P1114692.JPG
5.749600,P1114940.JPG,D:\漫展\Capture\P1114940.JPG
5.748673,P1115177.JPG,D:\漫展\Capture\P1115177.JPG
5.748318,P1115194.JPG,D:\漫展\Capture\P1115194.JPG
5.747748,P1115328.JPG,D:\漫展\Capture\P1115328.JPG
5.745255,P1114711.JPG,D:\漫展\Capture\P1114711.JPG
5.744291,P1115149.JPG,D:\漫展\Capture\P1115149.JPG
5.742910,P1115048.JPG,D:\漫展\Capture\P1115048.JPG
5.742869,P1115335.JPG,D:\漫展\Capture\P1115335.JPG
5.742032,P1114912.JPG,D:\漫展\Capture\P1114912.JPG
5.741242,P1115125.JPG,D:\漫展\Capture\P1115125.JPG
5.738302,P1115045.JPG,D:\漫展\Capture\P1115045.JPG
5.737823,P1115193.JPG,D:\漫展\Capture\P1115193.JPG
5.734344,P1114822.JPG,D:\漫展\Capture\P1114822.JPG
5.727518,P1114844.JPG,D:\漫展\Capture\P1114844.JPG
5.727102,P1114932.JPG,D:\漫展\Capture\P1114932.JPG
5.726379,P1114781.JPG,D:\漫展\Capture\P1114781.JPG
5.726076,P1114812.JPG,D:\漫展\Capture\P1114812.JPG
5.726048,P1114755.JPG,D:\漫展\Capture\P1114755.JPG
5.723396,P1114745.JPG,D:\漫展\Capture\P1114745.JPG
5.719169,P1114701.JPG,D:\漫展\Capture\P1114701.JPG
5.718720,P1114713.JPG,D:\漫展\Capture\P1114713.JPG
5.706627,P1114931.JPG,D:\漫展\Capture\P1114931.JPG
5.705709,P1114792.JPG,D:\漫展\Capture\P1114792.JPG
5.703701,P1114676.JPG,D:\漫展\Capture\P1114676.JPG
5.703514,P1115120.JPG,D:\漫展\Capture\P1115120.JPG
5.701711,P1115350.JPG,D:\漫展\Capture\P1115350.JPG
5.700924,P1114666.JPG,D:\漫展\Capture\P1114666.JPG
5.700043,P1115215.JPG,D:\漫展\Capture\P1115215.JPG
5.699658,P1114712.JPG,D:\漫展\Capture\P1114712.JPG
5.697795,P1115121.JPG,D:\漫展\Capture\P1115121.JPG
5.694654,P1115080.JPG,D:\漫展\Capture\P1115080.JPG
5.694267,P1115230.JPG,D:\漫展\Capture\P1115230.JPG
5.692745,P1115227.JPG,D:\漫展\Capture\P1115227.JPG
5.691866,P1114693.JPG,D:\漫展\Capture\P1114693.JPG
5.691182,P1114702.JPG,D:\漫展\Capture\P1114702.JPG
5.690672,P1115040.JPG,D:\漫展\Capture\P1115040.JPG
5.689965,P1114708.JPG,D:\漫展\Capture\P1114708.JPG
5.688089,P1115331.JPG,D:\漫展\Capture\P1115331.JPG
5.682471,P1115231.JPG,D:\漫展\Capture\P1115231.JPG
5.682257,P1115032.JPG,D:\漫展\Capture\P1115032.JPG
5.682202,P1115158.JPG,D:\漫展\Capture\P1115158.JPG
5.681377,P1115234.JPG,D:\漫展\Capture\P1115234.JPG
5.676441,P1115126.JPG,D:\漫展\Capture\P1115126.JPG
5.674369,P1114827.JPG,D:\漫展\Capture\P1114827.JPG
5.673505,P1114696.JPG,D:\漫展\Capture\P1114696.JPG
5.666542,P1115298.JPG,D:\漫展\Capture\P1115298.JPG
5.658021,P1114824.JPG,D:\漫展\Capture\P1114824.JPG
5.656708,P1114784.JPG,D:\漫展\Capture\P1114784.JPG
5.653248,P1114830.JPG,D:\漫展\Capture\P1114830.JPG
5.645375,P1115171.JPG,D:\漫展\Capture\P1115171.JPG
5.636626,P1115327.JPG,D:\漫展\Capture\P1115327.JPG
5.636393,P1115127.JPG,D:\漫展\Capture\P1115127.JPG
5.635178,P1114820.JPG,D:\漫展\Capture\P1114820.JPG
5.634466,P1114825.JPG,D:\漫展\Capture\P1114825.JPG
5.631988,P1115299.JPG,D:\漫展\Capture\P1115299.JPG
5.626956,P1115302.JPG,D:\漫展\Capture\P1115302.JPG
5.625700,P1115229.JPG,D:\漫展\Capture\P1115229.JPG
5.623386,P1114823.JPG,D:\漫展\Capture\P1114823.JPG
5.620728,P1115351.JPG,D:\漫展\Capture\P1115351.JPG
5.619399,P1114663.JPG,D:\漫展\Capture\P1114663.JPG
5.617820,P1115317.JPG,D:\漫展\Capture\P1115317.JPG
5.614618,P1114852.JPG,D:\漫展\Capture\P1114852.JPG
5.614461,P1114842.JPG,D:\漫展\Capture\P1114842.JPG
5.613274,P1115168.JPG,D:\漫展\Capture\P1115168.JPG
5.612261,P1114933.JPG,D:\漫展\Capture\P1114933.JPG
5.606702,P1114899.JPG,D:\漫展\Capture\P1114899.JPG
5.606495,P1114888.JPG,D:\漫展\Capture\P1114888.JPG
5.606088,P1115199.JPG,D:\漫展\Capture\P1115199.JPG
5.605379,P1115315.JPG,D:\漫展\Capture\P1115315.JPG
5.601717,P1115329.JPG,D:\漫展\Capture\P1115329.JPG
5.601496,P1114697.JPG,D:\漫展\Capture\P1114697.JPG
5.599910,P1115233.JPG,D:\漫展\Capture\P1115233.JPG
5.597798,P1115192.JPG,D:\漫展\Capture\P1115192.JPG
5.597659,P1114811.JPG,D:\漫展\Capture\P1114811.JPG
5.597607,P1115095.JPG,D:\漫展\Capture\P1115095.JPG
5.592107,P1115213.JPG,D:\漫展\Capture\P1115213.JPG
5.590749,P1115290.JPG,D:\漫展\Capture\P1115290.JPG
5.589828,P1114916.JPG,D:\漫展\Capture\P1114916.JPG
5.586306,P1115033.JPG,D:\漫展\Capture\P1115033.JPG
5.583913,P1114783.JPG,D:\漫展\Capture\P1114783.JPG
5.581444,P1115028.JPG,D:\漫展\Capture\P1115028.JPG
5.580501,P1114851.JPG,D:\漫展\Capture\P1114851.JPG
5.579141,P1115295.JPG,D:\漫展\Capture\P1115295.JPG
5.575958,P1115300.JPG,D:\漫展\Capture\P1115300.JPG
5.574138,P1115324.JPG,D:\漫展\Capture\P1115324.JPG
5.573848,P1115211.JPG,D:\漫展\Capture\P1115211.JPG
5.572121,P1114865.JPG,D:\漫展\Capture\P1114865.JPG
5.570274,P1115090.JPG,D:\漫展\Capture\P1115090.JPG
5.568999,P1114840.JPG,D:\漫展\Capture\P1114840.JPG
5.568626,P1114698.JPG,D:\漫展\Capture\P1114698.JPG
5.560055,P1115175.JPG,D:\漫展\Capture\P1115175.JPG
5.553964,P1114828.JPG,D:\漫展\Capture\P1114828.JPG
5.552187,P1114891.JPG,D:\漫展\Capture\P1114891.JPG
5.551480,P1114741.JPG,D:\漫展\Capture\P1114741.JPG
5.550519,P1114829.JPG,D:\漫展\Capture\P1114829.JPG
5.547929,P1114776.JPG,D:\漫展\Capture\P1114776.JPG
5.547191,P1115159.JPG,D:\漫展\Capture\P1115159.JPG
5.543574,P1114901.JPG,D:\漫展\Capture\P1114901.JPG
5.541913,P1115131.JPG,D:\漫展\Capture\P1115131.JPG
5.540897,P1115041.JPG,D:\漫展\Capture\P1115041.JPG
5.540125,P1115319.JPG,D:\漫展\Capture\P1115319.JPG
5.538978,P1115101.JPG,D:\漫展\Capture\P1115101.JPG
5.538957,P1114883.JPG,D:\漫展\Capture\P1114883.JPG
5.538754,P1114855.JPG,D:\漫展\Capture\P1114855.JPG
5.538049,P1114884.JPG,D:\漫展\Capture\P1114884.JPG
5.532715,P1115062.JPG,D:\漫展\Capture\P1115062.JPG
5.532337,P1115286.JPG,D:\漫展\Capture\P1115286.JPG
5.522903,P1115261.JPG,D:\漫展\Capture\P1115261.JPG
5.522838,P1114966.JPG,D:\漫展\Capture\P1114966.JPG
5.520670,P1115332.JPG,D:\漫展\Capture\P1115332.JPG
5.519566,P1114948.JPG,D:\漫展\Capture\P1114948.JPG
5.519166,P1114751.JPG,D:\漫展\Capture\P1114751.JPG
5.518919,P1114841.JPG,D:\漫展\Capture\P1114841.JPG
5.514285,P1114673.JPG,D:\漫展\Capture\P1114673.JPG
5.513674,P1115325.JPG,D:\漫展\Capture\P1115325.JPG
5.513596,P1115396.JPG,D:\漫展\Capture\P1115396.JPG
5.512682,P1115087.JPG,D:\漫展\Capture\P1115087.JPG
5.509601,P1114881.JPG,D:\漫展\Capture\P1114881.JPG
5.505271,P1115322.JPG,D:\漫展\Capture\P1115322.JPG
5.504500,P1114947.JPG,D:\漫展\Capture\P1114947.JPG
5.497791,P1115334.JPG,D:\漫展\Capture\P1115334.JPG
5.497530,P1114898.JPG,D:\漫展\Capture\P1114898.JPG
5.490510,P1115086.JPG,D:\漫展\Capture\P1115086.JPG
5.488410,P1115083.JPG,D:\漫展\Capture\P1115083.JPG
5.487365,P1115170.JPG,D:\漫展\Capture\P1115170.JPG
5.485943,P1115039.JPG,D:\漫展\Capture\P1115039.JPG
5.483461,P1115314.JPG,D:\漫展\Capture\P1115314.JPG
5.481160,P1114853.JPG,D:\漫展\Capture\P1114853.JPG
5.474578,P1115130.JPG,D:\漫展\Capture\P1115130.JPG
5.473192,P1115065.JPG,D:\漫展\Capture\P1115065.JPG
5.470285,P1114994.JPG,D:\漫展\Capture\P1114994.JPG
5.466963,P1115326.JPG,D:\漫展\Capture\P1115326.JPG
5.465152,P1114694.JPG,D:\漫展\Capture\P1114694.JPG
5.463020,P1115046.JPG,D:\漫展\Capture\P1115046.JPG
5.462214,P1114740.JPG,D:\漫展\Capture\P1114740.JPG
5.461681,P1115323.JPG,D:\漫展\Capture\P1115323.JPG
5.461517,P1115070.JPG,D:\漫展\Capture\P1115070.JPG
5.461186,P1114900.JPG,D:\漫展\Capture\P1114900.JPG
5.456988,P1115333.JPG,D:\漫展\Capture\P1115333.JPG
5.454565,P1115179.JPG,D:\漫展\Capture\P1115179.JPG
5.454123,P1115097.JPG,D:\漫展\Capture\P1115097.JPG
5.448102,P1114939.JPG,D:\漫展\Capture\P1114939.JPG
5.446458,P1115096.JPG,D:\漫展\Capture\P1115096.JPG
5.446229,P1115156.JPG,D:\漫展\Capture\P1115156.JPG
5.444731,P1115044.JPG,D:\漫展\Capture\P1115044.JPG
5.439400,P1115284.JPG,D:\漫展\Capture\P1115284.JPG
5.438670,P1114876.JPG,D:\漫展\Capture\P1114876.JPG
5.435631,P1115161.JPG,D:\漫展\Capture\P1115161.JPG
5.434643,P1115316.JPG,D:\漫展\Capture\P1115316.JPG
5.426678,P1115288.JPG,D:\漫展\Capture\P1115288.JPG
5.425963,P1114704.JPG,D:\漫展\Capture\P1114704.JPG
5.425785,P1114880.JPG,D:\漫展\Capture\P1114880.JPG
5.421769,P1115191.JPG,D:\漫展\Capture\P1115191.JPG
5.420773,P1115132.JPG,D:\漫展\Capture\P1115132.JPG
5.420482,P1114894.JPG,D:\漫展\Capture\P1114894.JPG
5.414980,P1115320.JPG,D:\漫展\Capture\P1115320.JPG
5.412982,P1115214.JPG,D:\漫展\Capture\P1115214.JPG
5.412474,P1114846.JPG,D:\漫展\Capture\P1114846.JPG
5.408850,P1115296.JPG,D:\漫展\Capture\P1115296.JPG
5.404605,P1115082.JPG,D:\漫展\Capture\P1115082.JPG
5.400783,P1115063.JPG,D:\漫展\Capture\P1115063.JPG
5.400761,P1114766.JPG,D:\漫展\Capture\P1114766.JPG
5.399471,P1114665.JPG,D:\漫展\Capture\P1114665.JPG
5.397522,P1114753.JPG,D:\漫展\Capture\P1114753.JPG
5.393312,P1114848.JPG,D:\漫展\Capture\P1114848.JPG
5.393298,P1114929.JPG,D:\漫展\Capture\P1114929.JPG
5.392729,P1114839.JPG,D:\漫展\Capture\P1114839.JPG
5.389470,P1114902.JPG,D:\漫展\Capture\P1114902.JPG
5.384909,P1114743.JPG,D:\漫展\Capture\P1114743.JPG
5.383500,P1115133.JPG,D:\漫展\Capture\P1115133.JPG
5.383157,P1115073.JPG,D:\漫展\Capture\P1115073.JPG
5.378927,P1115220.JPG,D:\漫展\Capture\P1115220.JPG
5.378600,P1115160.JPG,D:\漫展\Capture\P1115160.JPG
5.377762,P1114742.JPG,D:\漫展\Capture\P1114742.JPG
5.375573,P1115094.JPG,D:\漫展\Capture\P1115094.JPG
5.372006,P1115128.JPG,D:\漫展\Capture\P1115128.JPG
5.371017,P1115134.JPG,D:\漫展\Capture\P1115134.JPG
5.370018,P1114725.JPG,D:\漫展\Capture\P1114725.JPG
5.368020,P1114847.JPG,D:\漫展\Capture\P1114847.JPG
5.353961,P1115117.JPG,D:\漫展\Capture\P1115117.JPG
5.353378,P1114919.JPG,D:\漫展\Capture\P1114919.JPG
5.352210,P1114879.JPG,D:\漫展\Capture\P1114879.JPG
5.350349,P1114826.JPG,D:\漫展\Capture\P1114826.JPG
5.347621,P1115270.JPG,D:\漫展\Capture\P1115270.JPG
5.346942,P1114754.JPG,D:\漫展\Capture\P1114754.JPG
5.344658,P1115100.JPG,D:\漫展\Capture\P1115100.JPG
5.343124,P1115043.JPG,D:\漫展\Capture\P1115043.JPG
5.343075,P1114922.JPG,D:\漫展\Capture\P1114922.JPG
5.341677,P1115053.JPG,D:\漫展\Capture\P1115053.JPG
5.341496,P1115066.JPG,D:\漫展\Capture\P1115066.JPG
5.336052,P1115172.JPG,D:\漫展\Capture\P1115172.JPG
5.335900,P1114856.JPG,D:\漫展\Capture\P1114856.JPG
5.333533,P1114867.JPG,D:\漫展\Capture\P1114867.JPG
5.332405,P1114734.JPG,D:\漫展\Capture\P1114734.JPG
5.331900,P1115092.JPG,D:\漫展\Capture\P1115092.JPG
5.331120,P1114895.JPG,D:\漫展\Capture\P1114895.JPG
5.330144,P1114838.JPG,D:\漫展\Capture\P1114838.JPG
5.320654,P1114925.JPG,D:\漫展\Capture\P1114925.JPG
5.316068,P1114870.JPG,D:\漫展\Capture\P1114870.JPG
5.313934,P1115071.JPG,D:\漫展\Capture\P1115071.JPG
5.311826,P1115030.JPG,D:\漫展\Capture\P1115030.JPG
5.311751,P1115169.JPG,D:\漫展\Capture\P1115169.JPG
5.310094,P1114735.JPG,D:\漫展\Capture\P1114735.JPG
5.309612,P1115123.JPG,D:\漫展\Capture\P1115123.JPG
5.307020,P1115144.JPG,D:\漫展\Capture\P1115144.JPG
5.305346,P1114885.JPG,D:\漫展\Capture\P1114885.JPG
5.305014,P1114690.JPG,D:\漫展\Capture\P1114690.JPG
5.303750,P1115232.JPG,D:\漫展\Capture\P1115232.JPG
5.297853,P1115122.JPG,D:\漫展\Capture\P1115122.JPG
5.296094,P1115042.JPG,D:\漫展\Capture\P1115042.JPG
5.294229,P1115291.JPG,D:\漫展\Capture\P1115291.JPG
5.291145,P1115064.JPG,D:\漫展\Capture\P1115064.JPG
5.286752,P1115072.JPG,D:\漫展\Capture\P1115072.JPG
5.286572,P1115031.JPG,D:\漫展\Capture\P1115031.JPG
5.282482,P1114759.JPG,D:\漫展\Capture\P1114759.JPG
5.273640,P1115140.JPG,D:\漫展\Capture\P1115140.JPG
5.258565,P1114764.JPG,D:\漫展\Capture\P1114764.JPG
5.255422,P1115129.JPG,D:\漫展\Capture\P1115129.JPG
5.253089,P1115034.JPG,D:\漫展\Capture\P1115034.JPG
5.251108,P1114680.JPG,D:\漫展\Capture\P1114680.JPG
5.250014,P1115135.JPG,D:\漫展\Capture\P1115135.JPG
5.246867,P1115037.JPG,D:\漫展\Capture\P1115037.JPG
5.246680,P1114739.JPG,D:\漫展\Capture\P1114739.JPG
5.242103,P1115055.JPG,D:\漫展\Capture\P1115055.JPG
5.238701,P1114921.JPG,D:\漫展\Capture\P1114921.JPG
5.237422,P1115075.JPG,D:\漫展\Capture\P1115075.JPG
5.232121,P1114737.JPG,D:\漫展\Capture\P1114737.JPG
5.231033,P1115297.JPG,D:\漫展\Capture\P1115297.JPG
5.230057,P1114882.JPG,D:\漫展\Capture\P1114882.JPG
5.229650,P1115054.JPG,D:\漫展\Capture\P1115054.JPG
5.226703,P1115293.JPG,D:\漫展\Capture\P1115293.JPG
5.225410,P1114890.JPG,D:\漫展\Capture\P1114890.JPG
5.223587,P1114918.JPG,D:\漫展\Capture\P1114918.JPG
5.221761,P1115262.JPG,D:\漫展\Capture\P1115262.JPG
5.221274,P1115056.JPG,D:\漫展\Capture\P1115056.JPG
5.220545,P1114738.JPG,D:\漫展\Capture\P1114738.JPG
5.216366,P1114960.JPG,D:\漫展\Capture\P1114960.JPG
5.214201,P1114995.JPG,D:\漫展\Capture\P1114995.JPG
5.213213,P1114703.JPG,D:\漫展\Capture\P1114703.JPG
5.207260,P1114877.JPG,D:\漫展\Capture\P1114877.JPG
5.202697,P1115248.JPG,D:\漫展\Capture\P1115248.JPG
5.202106,P1114875.JPG,D:\漫展\Capture\P1114875.JPG
5.200919,P1115099.JPG,D:\漫展\Capture\P1115099.JPG
5.199975,P1114762.JPG,D:\漫展\Capture\P1114762.JPG
5.198076,P1115292.JPG,D:\漫展\Capture\P1115292.JPG
5.190528,P1115195.JPG,D:\漫展\Capture\P1115195.JPG
5.190336,P1115202.JPG,D:\漫展\Capture\P1115202.JPG
5.181777,P1115098.JPG,D:\漫展\Capture\P1115098.JPG
5.177356,P1115116.JPG,D:\漫展\Capture\P1115116.JPG
5.171618,P1115303.JPG,D:\漫展\Capture\P1115303.JPG
5.170192,P1114691.JPG,D:\漫展\Capture\P1114691.JPG
5.164646,P1114750.JPG,D:\漫展\Capture\P1114750.JPG
5.164312,P1115249.JPG,D:\漫展\Capture\P1115249.JPG
5.163911,P1114760.JPG,D:\漫展\Capture\P1114760.JPG
5.163584,P1115076.JPG,D:\漫展\Capture\P1115076.JPG
5.151834,P1115289.JPG,D:\漫展\Capture\P1115289.JPG
5.147724,P1115079.JPG,D:\漫展\Capture\P1115079.JPG
5.147564,P1115301.JPG,D:\漫展\Capture\P1115301.JPG
5.147100,P1114733.JPG,D:\漫展\Capture\P1114733.JPG
5.144877,P1115263.JPG,D:\漫展\Capture\P1115263.JPG
5.142640,P1115069.JPG,D:\漫展\Capture\P1115069.JPG
5.141696,P1114672.JPG,D:\漫展\Capture\P1114672.JPG
5.141068,P1114874.JPG,D:\漫展\Capture\P1114874.JPG
5.124400,P1115029.JPG,D:\漫展\Capture\P1115029.JPG
5.121300,P1115036.JPG,D:\漫展\Capture\P1115036.JPG
5.114766,P1114744.JPG,D:\漫展\Capture\P1114744.JPG
5.112956,P1114920.JPG,D:\漫展\Capture\P1114920.JPG
5.110256,P1115058.JPG,D:\漫展\Capture\P1115058.JPG
5.105274,P1114724.JPG,D:\漫展\Capture\P1114724.JPG
5.100102,P1115057.JPG,D:\漫展\Capture\P1115057.JPG
5.090034,P1114959.JPG,D:\漫展\Capture\P1114959.JPG
5.084796,P1114728.JPG,D:\漫展\Capture\P1114728.JPG
5.083675,P1114731.JPG,D:\漫展\Capture\P1114731.JPG
5.080637,P1114752.JPG,D:\漫展\Capture\P1114752.JPG
5.072559,P1114942.JPG,D:\漫展\Capture\P1114942.JPG
5.071850,P1115093.JPG,D:\漫展\Capture\P1115093.JPG
5.068377,P1114736.JPG,D:\漫展\Capture\P1114736.JPG
5.056563,P1114765.JPG,D:\漫展\Capture\P1114765.JPG
5.054621,P1115060.JPG,D:\漫展\Capture\P1115060.JPG
5.039798,P1115038.JPG,D:\漫展\Capture\P1115038.JPG
5.037498,P1115253.JPG,D:\漫展\Capture\P1115253.JPG
5.030593,P1115067.JPG,D:\漫展\Capture\P1115067.JPG
5.030437,P1115074.JPG,D:\漫展\Capture\P1115074.JPG
5.026761,P1115136.JPG,D:\漫展\Capture\P1115136.JPG
5.025896,P1115091.JPG,D:\漫展\Capture\P1115091.JPG
5.021615,P1115264.JPG,D:\漫展\Capture\P1115264.JPG
5.016939,P1114758.JPG,D:\漫展\Capture\P1114758.JPG
5.016160,P1115061.JPG,D:\漫展\Capture\P1115061.JPG
5.011947,P1114923.JPG,D:\漫展\Capture\P1114923.JPG
5.008641,P1114683.JPG,D:\漫展\Capture\P1114683.JPG
5.006551,P1115078.JPG,D:\漫展\Capture\P1115078.JPG
5.004449,P1114878.JPG,D:\漫展\Capture\P1114878.JPG
5.001024,P1115250.JPG,D:\漫展\Capture\P1115250.JPG
5.000220,P1115304.JPG,D:\漫展\Capture\P1115304.JPG
4.998650,P1114871.JPG,D:\漫展\Capture\P1114871.JPG
4.998618,P1115139.JPG,D:\漫展\Capture\P1115139.JPG
4.996308,P1114730.JPG,D:\漫展\Capture\P1114730.JPG
4.993880,P1115201.JPG,D:\漫展\Capture\P1115201.JPG
4.991868,P1114868.JPG,D:\漫展\Capture\P1114868.JPG
4.984244,P1114892.JPG,D:\漫展\Capture\P1114892.JPG
4.979172,P1114953.JPG,D:\漫展\Capture\P1114953.JPG
4.978318,P1115247.JPG,D:\漫展\Capture\P1115247.JPG
4.964196,P1115269.JPG,D:\漫展\Capture\P1115269.JPG
4.959173,P1114682.JPG,D:\漫展\Capture\P1114682.JPG
4.958200,P1115077.JPG,D:\漫展\Capture\P1115077.JPG
4.944812,P1115124.JPG,D:\漫展\Capture\P1115124.JPG
4.937694,P1114664.JPG,D:\漫展\Capture\P1114664.JPG
4.934779,P1114688.JPG,D:\漫展\Capture\P1114688.JPG
4.932629,P1114729.JPG,D:\漫展\Capture\P1114729.JPG
4.932456,P1114681.JPG,D:\漫展\Capture\P1114681.JPG
4.926395,P1114944.JPG,D:\漫展\Capture\P1114944.JPG
4.923596,P1114943.JPG,D:\漫展\Capture\P1114943.JPG
4.922223,P1114914.JPG,D:\漫展\Capture\P1114914.JPG
4.917825,P1115285.JPG,D:\漫展\Capture\P1115285.JPG
4.917181,P1115309.JPG,D:\漫展\Capture\P1115309.JPG
4.916145,P1115068.JPG,D:\漫展\Capture\P1115068.JPG
4.912619,P1115257.JPG,D:\漫展\Capture\P1115257.JPG
4.910572,P1114949.JPG,D:\漫展\Capture\P1114949.JPG
4.902310,P1114761.JPG,D:\漫展\Capture\P1114761.JPG
4.888522,P1114684.JPG,D:\漫展\Capture\P1114684.JPG
4.879250,P1115268.JPG,D:\漫展\Capture\P1115268.JPG
4.876621,P1114872.JPG,D:\漫展\Capture\P1114872.JPG
4.870506,P1114893.JPG,D:\漫展\Capture\P1114893.JPG
4.868484,P1114924.JPG,D:\漫展\Capture\P1114924.JPG
4.866380,P1115254.JPG,D:\漫展\Capture\P1115254.JPG
4.842752,P1114757.JPG,D:\漫展\Capture\P1114757.JPG
4.836623,P1114726.JPG,D:\漫展\Capture\P1114726.JPG
4.830008,P1114670.JPG,D:\漫展\Capture\P1114670.JPG
4.803441,P1114687.JPG,D:\漫展\Capture\P1114687.JPG
4.802984,P1114671.JPG,D:\漫展\Capture\P1114671.JPG
4.797170,P1114889.JPG,D:\漫展\Capture\P1114889.JPG
4.794349,P1115059.JPG,D:\漫展\Capture\P1115059.JPG
4.794287,P1114926.JPG,D:\漫展\Capture\P1114926.JPG
4.790251,P1115197.JPG,D:\漫展\Capture\P1115197.JPG
4.788769,P1115312.JPG,D:\漫展\Capture\P1115312.JPG
4.760629,P1114732.JPG,D:\漫展\Capture\P1114732.JPG
4.757973,P1114727.JPG,D:\漫展\Capture\P1114727.JPG
4.754291,P1114957.JPG,D:\漫展\Capture\P1114957.JPG
4.747850,P1114915.JPG,D:\漫展\Capture\P1114915.JPG
4.747706,P1115251.JPG,D:\漫展\Capture\P1115251.JPG
4.730668,P1114952.JPG,D:\漫展\Capture\P1114952.JPG
4.726210,P1115265.JPG,D:\漫展\Capture\P1115265.JPG
4.724572,P1114686.JPG,D:\漫展\Capture\P1114686.JPG
4.722345,P1115173.JPG,D:\漫展\Capture\P1115173.JPG
4.721300,P1115313.JPG,D:\漫展\Capture\P1115313.JPG
4.716709,P1115311.JPG,D:\漫展\Capture\P1115311.JPG
4.710937,P1115266.JPG,D:\漫展\Capture\P1115266.JPG
4.688931,P1114945.JPG,D:\漫展\Capture\P1114945.JPG
4.687646,P1114689.JPG,D:\漫展\Capture\P1114689.JPG
4.667228,P1114956.JPG,D:\漫展\Capture\P1114956.JPG
4.666532,P1114958.JPG,D:\漫展\Capture\P1114958.JPG
4.636392,P1114685.JPG,D:\漫展\Capture\P1114685.JPG
4.616599,P1114927.JPG,D:\漫展\Capture\P1114927.JPG
4.595350,P1115252.JPG,D:\漫展\Capture\P1115252.JPG
4.592836,P1114954.JPG,D:\漫展\Capture\P1114954.JPG
4.569550,P1115310.JPG,D:\漫展\Capture\P1115310.JPG
4.565372,P1115267.JPG,D:\漫展\Capture\P1115267.JPG
4.559198,P1115174.JPG,D:\漫展\Capture\P1115174.JPG
4.548929,P1114946.JPG,D:\漫展\Capture\P1114946.JPG
4.495662,P1114763.JPG,D:\漫展\Capture\P1114763.JPG
4.484984,P1115306.JPG,D:\漫展\Capture\P1115306.JPG
4.478619,P1115307.JPG,D:\漫展\Capture\P1115307.JPG
4.471222,P1114873.JPG,D:\漫展\Capture\P1114873.JPG
4.436183,P1114746.JPG,D:\漫展\Capture\P1114746.JPG
4.375915,P1114955.JPG,D:\漫展\Capture\P1114955.JPG
4.342777,P1114951.JPG,D:\漫展\Capture\P1114951.JPG
4.331089,P1114669.JPG,D:\漫展\Capture\P1114669.JPG
4.307442,P1114950.JPG,D:\漫展\Capture\P1114950.JPG
4.257500,P1115305.JPG,D:\漫展\Capture\P1115305.JPG
4.255323,P1115308.JPG,D:\漫展\Capture\P1115308.JPG
4.206352,P1114668.JPG,D:\漫展\Capture\P1114668.JPG
4.147122,P1115255.JPG,D:\漫展\Capture\P1115255.JPG
4.090237,P1115256.JPG,D:\漫展\Capture\P1115256.JPG
3.987309,P1115260.JPG,D:\漫展\Capture\P1115260.JPG
3.915892,P1115259.JPG,D:\漫展\Capture\P1115259.JPG
3.808802,P1115258.JPG,D:\漫展\Capture\P1115258.JPG
3.675158,P1114667.JPG,D:\漫展\Capture\P1114667.JPG
